<edu.columbia.cs.psl.ioclones.pojo.IORecord>
  <dhComparator class="edu.columbia.cs.psl.ioclones.sim.AbstractSim$DHSComparator"/>
  <methodKey>p6.DummyClass2-&lt;init&gt;(java.lang.Stringjava.lang.StringIIjava.util.List)V</methodKey>
  <id>1</id>
  <sortedInputs>
    <int>1</int>
    <int>20</int>
    <string>boy</string>
    <string>James</string>
    <double>1.4</double>
  </sortedInputs>
  <sortedOutputs>
    <edu.columbia.cs.psl.ioclones.pojo.XMLWrapper>
      <obj class="p6.DummyClass2">
        <name>James</name>
        <type>boy</type>
        <value>20</value>
        <numOperations>1</numOperations>
        <listOfNumbers/>
        <probability>1.4</probability>
        <distanceOfItems>0.0</distanceOfItems>
      </obj>
      <deepHash>1574045445</deepHash>
    </edu.columbia.cs.psl.ioclones.pojo.XMLWrapper>
  </sortedOutputs>
</edu.columbia.cs.psl.ioclones.pojo.IORecord>